run_number,parameter,value,completed_jobs,average_wait_time,average_turnaround_time,throughput_jobs_per_hour,wait_time_sensitivity,turnaround_time_sensitivity
0,general_technicians,1,63,780.2416572553497,816.9494350730484,0.027464625247197758,0,0
1,general_technicians,2,63,52.00885687537936,100.05944765111201,0.04476518174227469,-0.9333426299509173,-0.8775206354819683
2,general_technicians,3,63,51.46996798649047,99.5205587622231,0.04476518174227469,-0.4670166495803711,-0.43909013551534903
