metric,mean,std_dev,min,max,ci_95_lower,ci_95_upper
Average Wait Time (hrs),964.6432080087261,1461.2996299912081,2.573006700198147,5145.045369337429,441.72385120356967,1487.5625648138825
Average Turnaround Time (hrs),1043.439454140995,1531.194058158976,16.056404822459882,5626.630225191555,495.50869743425005,1591.3702108477398
Throughput (jobs/hr),0.027499883310863987,0.018708005652574328,0.004066467335270109,0.06061772346771866,0.020805309465655897,0.034194457156072076
